{
	"translation": [
		-1.397979225,
		-0.0,
		2.801588958
	],
	"quaternion": [
		0.0,
		0.3789183648063721,
		0.0,
		0.9254301015271037
	],
	"cam_h": 1.412993732105968
}